{"$schema":"http://schema.management.azure.com/schemas/2015-01-01/deploymentTemplate.json#","contentVersion":"1.0.0.0","parameters":{"factoryName":{"type":"string","metadata":"Data Factory name"},"ADLS":{"type":"string"},"ASDB":{"type":"string"}},"variables":{"factoryId":"[concat('Microsoft.DataFactory/factories/', parameters('factoryName'))]"},"resources":[{"name":"[concat(parameters('factoryName'), '/StudentMathOHEpivot')]","type":"Microsoft.DataFactory/factories/pipelines","apiVersion":"2018-06-01","properties":{"activities":[{"name":"Data flow1","type":"ExecuteDataFlow","dependsOn":[{"activity":"CopystudentMath","dependencyConditions":["Succeeded"]}],"policy":{"timeout":"1.00:00:00","retry":0,"retryIntervalInSeconds":30,"secureOutput":false,"secureInput":false},"userProperties":[],"typeProperties":{"dataflow":{"referenceName":"PivotForOHE","type":"DataFlowReference","parameters":{},"datasetParameters":{"studentMath":{},"sinkstudentMathOHESample":{}}},"staging":{},"compute":{"coreCount":8,"computeType":"General"},"traceLevel":"Fine"}},{"name":"CopystudentMath","type":"Copy","dependsOn":[],"policy":{"timeout":"7.00:00:00","retry":0,"retryIntervalInSeconds":30,"secureOutput":false,"secureInput":false},"userProperties":[],"typeProperties":{"source":{"type":"DelimitedTextSource","storeSettings":{"type":"AzureBlobFSReadSettings","recursive":true,"enablePartitionDiscovery":false},"formatSettings":{"type":"DelimitedTextReadSettings"}},"sink":{"type":"AzureSqlSink","preCopyScript":"TRUNCATE TABLE [Student].[studentMath]\n","disableMetricsCollection":false},"enableStaging":false,"translator":{"type":"TabularTranslator","typeConversion":true,"typeConversionSettings":{"allowDataTruncation":true,"treatBooleanAsNumber":false}}},"inputs":[{"referenceName":"studentMath","type":"DatasetReference","parameters":{}}],"outputs":[{"referenceName":"LoadstudentMath","type":"DatasetReference","parameters":{}}]}],"policy":{"elapsedTimeMetric":{},"cancelAfter":{}},"annotations":[]},"dependsOn":["[concat(variables('factoryId'), '/dataflows/PivotForOHE')]","[concat(variables('factoryId'), '/datasets/studentMath')]","[concat(variables('factoryId'), '/datasets/LoadstudentMath')]"]},{"name":"[concat(parameters('factoryName'), '/PivotForOHE')]","type":"Microsoft.DataFactory/factories/dataflows","apiVersion":"2018-06-01","properties":{"type":"MappingDataFlow","typeProperties":{"sources":[{"dataset":{"referenceName":"StudentstudentMath","type":"DatasetReference"},"name":"studentMath"}],"sinks":[{"dataset":{"referenceName":"studentMathOHESample","type":"DatasetReference"},"name":"sinkstudentMathOHESample"}],"transformations":[{"name":"PivotSchool"},{"name":"CreateConstantValueColumn"},{"name":"AddRowNumberWindowColumn"},{"name":"NullsToZeroSchool"},{"name":"MapDriftedSchool","description":"Creates an explicit mapping for each drifted column"},{"name":"SelectSchoolOHE"},{"name":"PivotReason"},{"name":"MapDriftedReason","description":"Creates an explicit mapping for each drifted column"},{"name":"NullsToZeroReason"},{"name":"SelectReasonOHE"},{"name":"DeSelectOHEBaseColumns"},{"name":"JoinReason"},{"name":"JoinSchool"},{"name":"DeSelectConstantValue"}],"script":"source(output(\n\t\tschool as string,\n\t\tsex as string,\n\t\tage as integer,\n\t\taddress as string,\n\t\tfamsize as string,\n\t\tPstatus as string,\n\t\tMedu as integer,\n\t\tFedu as integer,\n\t\tMjob as string,\n\t\tFjob as string,\n\t\treason as string,\n\t\tguardian as string,\n\t\ttraveltime as integer,\n\t\tstudytime as integer,\n\t\tfailures as integer,\n\t\tschoolsup as string,\n\t\tfamsup as string,\n\t\tpaid as string,\n\t\tactivities as string,\n\t\tnursery as string,\n\t\thigher as string,\n\t\tinternet as string,\n\t\tromantic as string,\n\t\tfamrel as integer,\n\t\tfreetime as integer,\n\t\tgoout as integer,\n\t\tDalc as integer,\n\t\tWalc as integer,\n\t\thealth as integer,\n\t\tabsences as integer,\n\t\tG1 as integer,\n\t\tG2 as integer,\n\t\tG3 as integer\n\t),\n\tallowSchemaDrift: true,\n\tvalidateSchema: false,\n\tisolationLevel: 'READ_UNCOMMITTED',\n\tformat: 'table') ~> studentMath\nAddRowNumberWindowColumn pivot(groupBy(RowNumber),\n\tpivotBy(school),\n\t{} = count(RowNumber),\n\tcolumnNaming: '$V$N',\n\tlateral: false) ~> PivotSchool\nstudentMath derive(ConstantValue = 1) ~> CreateConstantValueColumn\nCreateConstantValueColumn window(asc(ConstantValue, true),\n\tRowNumber = rowNumber()) ~> AddRowNumberWindowColumn\nMapDriftedSchool derive(GPnullFix = iif(isNull(GP), 0, GP),\n\t\tMSnullFix = iif(isNull(MS), 0, MS)) ~> NullsToZeroSchool\nPivotSchool derive(GP = toInteger(byName('GP')),\n\t\tMS = toInteger(byName('MS'))) ~> MapDriftedSchool\nNullsToZeroSchool select(mapColumn(\n\t\tRowNumber,\n\t\tGP = GPnullFix,\n\t\tMS = MSnullFix\n\t),\n\tskipDuplicateMapInputs: true,\n\tskipDuplicateMapOutputs: true) ~> SelectSchoolOHE\nAddRowNumberWindowColumn pivot(groupBy(RowNumber),\n\tpivotBy(reason),\n\t{} = count(RowNumber),\n\tcolumnNaming: '$N$V',\n\tlateral: false) ~> PivotReason\nPivotReason derive(course = toInteger(byName('course')),\n\t\thome = toInteger(byName('home')),\n\t\tother = toInteger(byName('other')),\n\t\treputation = toInteger(byName('reputation'))) ~> MapDriftedReason\nMapDriftedReason derive(courseNullFix = iif(isNull(course), 0, course),\n\t\thomeNullFix = iif(isNull(home), 0, home),\n\t\totherNullFix = iif(isNull(other), 0, other),\n\t\treputationNullFix = iif(isNull(reputation), 0, reputation)) ~> NullsToZeroReason\nNullsToZeroReason select(mapColumn(\n\t\tRowNumber,\n\t\tcourse = courseNullFix,\n\t\thome = homeNullFix,\n\t\tother = otherNullFix,\n\t\treputation = reputationNullFix\n\t),\n\tskipDuplicateMapInputs: true,\n\tskipDuplicateMapOutputs: true) ~> SelectReasonOHE\nAddRowNumberWindowColumn select(mapColumn(\n\t\tsex,\n\t\tage,\n\t\taddress,\n\t\tfamsize,\n\t\tPstatus,\n\t\tMedu,\n\t\tFedu,\n\t\tMjob,\n\t\tFjob,\n\t\tguardian,\n\t\ttraveltime,\n\t\tstudytime,\n\t\tfailures,\n\t\tschoolsup,\n\t\tfamsup,\n\t\tpaid,\n\t\tactivities,\n\t\tnursery,\n\t\thigher,\n\t\tinternet,\n\t\tromantic,\n\t\tfamrel,\n\t\tfreetime,\n\t\tgoout,\n\t\tDalc,\n\t\tWalc,\n\t\thealth,\n\t\tabsences,\n\t\tG1,\n\t\tG2,\n\t\tG3,\n\t\tConstantValue,\n\t\tRowNumber\n\t),\n\tskipDuplicateMapInputs: true,\n\tskipDuplicateMapOutputs: true) ~> DeSelectOHEBaseColumns\nDeSelectOHEBaseColumns, SelectReasonOHE join(DeSelectOHEBaseColumns@RowNumber == SelectReasonOHE@RowNumber,\n\tjoinType:'inner',\n\tbroadcast: 'auto')~> JoinReason\nJoinReason, SelectSchoolOHE join(SelectReasonOHE@RowNumber == SelectSchoolOHE@RowNumber,\n\tjoinType:'inner',\n\tbroadcast: 'auto')~> JoinSchool\nJoinSchool select(mapColumn(\n\t\tsex,\n\t\tage,\n\t\taddress,\n\t\tfamsize,\n\t\tPstatus,\n\t\tMedu,\n\t\tFedu,\n\t\tMjob,\n\t\tFjob,\n\t\tguardian,\n\t\ttraveltime,\n\t\tstudytime,\n\t\tfailures,\n\t\tschoolsup,\n\t\tfamsup,\n\t\tpaid,\n\t\tactivities,\n\t\tnursery,\n\t\thigher,\n\t\tinternet,\n\t\tromantic,\n\t\tfamrel,\n\t\tfreetime,\n\t\tgoout,\n\t\tDalc,\n\t\tWalc,\n\t\thealth,\n\t\tabsences,\n\t\tG1,\n\t\tG2,\n\t\tG3,\n\t\tRowNumber = DeSelectOHEBaseColumns@RowNumber,\n\t\tRowNumber = SelectReasonOHE@RowNumber,\n\t\tcourse,\n\t\thome,\n\t\tother,\n\t\treputation,\n\t\tRowNumber = SelectSchoolOHE@RowNumber,\n\t\tGP,\n\t\tMS\n\t),\n\tskipDuplicateMapInputs: true,\n\tskipDuplicateMapOutputs: true) ~> DeSelectConstantValue\nDeSelectConstantValue sink(allowSchemaDrift: true,\n\tvalidateSchema: false,\n\tinput(\n\t\tsex as string,\n\t\tage as integer,\n\t\taddress as string,\n\t\tfamsize as string,\n\t\tPstatus as string,\n\t\tMedu as integer,\n\t\tFedu as integer,\n\t\tMjob as string,\n\t\tFjob as string,\n\t\tguardian as string,\n\t\ttraveltime as integer,\n\t\tstudytime as integer,\n\t\tfailures as integer,\n\t\tschoolsup as string,\n\t\tfamsup as string,\n\t\tpaid as string,\n\t\tactivities as string,\n\t\tnursery as string,\n\t\thigher as string,\n\t\tinternet as string,\n\t\tromantic as string,\n\t\tfamrel as integer,\n\t\tfreetime as integer,\n\t\tgoout as integer,\n\t\tDalc as integer,\n\t\tWalc as integer,\n\t\thealth as integer,\n\t\tabsences as integer,\n\t\tG1 as integer,\n\t\tG2 as integer,\n\t\tG3 as integer,\n\t\tConstantValue as integer,\n\t\tRowNumber as integer,\n\t\tcourse as integer,\n\t\thome as integer,\n\t\tother as integer,\n\t\treputation as integer,\n\t\tGP as integer,\n\t\tMS as integer\n\t),\n\tdeletable:false,\n\tinsertable:true,\n\tupdateable:false,\n\tupsertable:false,\n\tformat: 'table',\n\tpreSQLs:['TRUNCATE TABLE [Student].[studentMathOHESample]'],\n\tskipDuplicateMapInputs: true,\n\tskipDuplicateMapOutputs: true,\n\terrorHandlingOption: 'stopOnFirstError') ~> sinkstudentMathOHESample"}},"dependsOn":["[concat(variables('factoryId'), '/datasets/StudentstudentMath')]","[concat(variables('factoryId'), '/datasets/studentMathOHESample')]"]},{"name":"[concat(parameters('factoryName'), '/studentMath')]","type":"Microsoft.DataFactory/factories/datasets","apiVersion":"2018-06-01","properties":{"linkedServiceName":{"referenceName":"[parameters('ADLS')]","type":"LinkedServiceReference"},"annotations":[],"type":"DelimitedText","typeProperties":{"location":{"type":"AzureBlobFSLocation","fileName":"student-mat.csv","fileSystem":"citaccelertwkpz3xkabz7ufs1"},"columnDelimiter":";","escapeChar":"\\","firstRowAsHeader":true,"quoteChar":"\""},"schema":[{"name":"school;sex;age;address;famsize;Pstatus;Medu;Fedu;Mjob;Fjob;reason;guardian;traveltime;studytime;failures;schoolsup;famsup;paid;activities;nursery;higher;internet;romantic;famrel;freetime;goout;Dalc;Walc;health;absences;G1;G2;G3","type":"String"}]},"dependsOn":[]},{"name":"[concat(parameters('factoryName'), '/LoadstudentMath')]","type":"Microsoft.DataFactory/factories/datasets","apiVersion":"2018-06-01","properties":{"linkedServiceName":{"referenceName":"[parameters('ASDB')]","type":"LinkedServiceReference"},"annotations":[],"type":"AzureSqlTable","schema":[{"name":"school","type":"nvarchar"},{"name":"sex","type":"nvarchar"},{"name":"age","type":"int","precision":10},{"name":"address","type":"nvarchar"},{"name":"famsize","type":"nvarchar"},{"name":"Pstatus","type":"nvarchar"},{"name":"Medu","type":"int","precision":10},{"name":"Fedu","type":"int","precision":10},{"name":"Mjob","type":"nvarchar"},{"name":"Fjob","type":"nvarchar"},{"name":"reason","type":"nvarchar"},{"name":"guardian","type":"nvarchar"},{"name":"traveltime","type":"int","precision":10},{"name":"studytime","type":"int","precision":10},{"name":"failures","type":"int","precision":10},{"name":"schoolsup","type":"nvarchar"},{"name":"famsup","type":"nvarchar"},{"name":"paid","type":"nvarchar"},{"name":"activities","type":"nvarchar"},{"name":"nursery","type":"nvarchar"},{"name":"higher","type":"nvarchar"},{"name":"internet","type":"nvarchar"},{"name":"romantic","type":"nvarchar"},{"name":"famrel","type":"int","precision":10},{"name":"freetime","type":"int","precision":10},{"name":"goout","type":"int","precision":10},{"name":"Dalc","type":"int","precision":10},{"name":"Walc","type":"int","precision":10},{"name":"health","type":"int","precision":10},{"name":"absences","type":"int","precision":10},{"name":"G1","type":"int","precision":10},{"name":"G2","type":"int","precision":10},{"name":"G3","type":"int","precision":10}],"typeProperties":{"schema":"Student","table":"studentMath"}},"dependsOn":[]},{"name":"[concat(parameters('factoryName'), '/StudentstudentMath')]","type":"Microsoft.DataFactory/factories/datasets","apiVersion":"2018-06-01","properties":{"linkedServiceName":{"referenceName":"[parameters('ASDB')]","type":"LinkedServiceReference"},"annotations":[],"type":"AzureSqlTable","schema":[{"name":"school","type":"nvarchar"},{"name":"sex","type":"nvarchar"},{"name":"age","type":"int","precision":10},{"name":"address","type":"nvarchar"},{"name":"famsize","type":"nvarchar"},{"name":"Pstatus","type":"nvarchar"},{"name":"Medu","type":"int","precision":10},{"name":"Fedu","type":"int","precision":10},{"name":"Mjob","type":"nvarchar"},{"name":"Fjob","type":"nvarchar"},{"name":"reason","type":"nvarchar"},{"name":"guardian","type":"nvarchar"},{"name":"traveltime","type":"int","precision":10},{"name":"studytime","type":"int","precision":10},{"name":"failures","type":"int","precision":10},{"name":"schoolsup","type":"nvarchar"},{"name":"famsup","type":"nvarchar"},{"name":"paid","type":"nvarchar"},{"name":"activities","type":"nvarchar"},{"name":"nursery","type":"nvarchar"},{"name":"higher","type":"nvarchar"},{"name":"internet","type":"nvarchar"},{"name":"romantic","type":"nvarchar"},{"name":"famrel","type":"int","precision":10},{"name":"freetime","type":"int","precision":10},{"name":"goout","type":"int","precision":10},{"name":"Dalc","type":"int","precision":10},{"name":"Walc","type":"int","precision":10},{"name":"health","type":"int","precision":10},{"name":"absences","type":"int","precision":10},{"name":"G1","type":"int","precision":10},{"name":"G2","type":"int","precision":10},{"name":"G3","type":"int","precision":10}],"typeProperties":{"schema":"Student","table":"studentMath"}},"dependsOn":[]},{"name":"[concat(parameters('factoryName'), '/studentMathOHESample')]","type":"Microsoft.DataFactory/factories/datasets","apiVersion":"2018-06-01","properties":{"linkedServiceName":{"referenceName":"[parameters('ASDB')]","type":"LinkedServiceReference"},"annotations":[],"type":"AzureSqlTable","schema":[{"name":"sex","type":"nvarchar"},{"name":"age","type":"int","precision":10},{"name":"address","type":"nvarchar"},{"name":"famsize","type":"nvarchar"},{"name":"Pstatus","type":"nvarchar"},{"name":"Medu","type":"int","precision":10},{"name":"Fedu","type":"int","precision":10},{"name":"Mjob","type":"nvarchar"},{"name":"Fjob","type":"nvarchar"},{"name":"guardian","type":"nvarchar"},{"name":"traveltime","type":"int","precision":10},{"name":"studytime","type":"int","precision":10},{"name":"failures","type":"int","precision":10},{"name":"schoolsup","type":"nvarchar"},{"name":"famsup","type":"nvarchar"},{"name":"paid","type":"nvarchar"},{"name":"activities","type":"nvarchar"},{"name":"nursery","type":"nvarchar"},{"name":"higher","type":"nvarchar"},{"name":"internet","type":"nvarchar"},{"name":"romantic","type":"nvarchar"},{"name":"famrel","type":"int","precision":10},{"name":"freetime","type":"int","precision":10},{"name":"goout","type":"int","precision":10},{"name":"Dalc","type":"int","precision":10},{"name":"Walc","type":"int","precision":10},{"name":"health","type":"int","precision":10},{"name":"absences","type":"int","precision":10},{"name":"G1","type":"int","precision":10},{"name":"G2","type":"int","precision":10},{"name":"G3","type":"int","precision":10},{"name":"ConstantValue","type":"int","precision":10},{"name":"RowNumber","type":"int","precision":10},{"name":"course","type":"int","precision":10},{"name":"home","type":"int","precision":10},{"name":"other","type":"int","precision":10},{"name":"reputation","type":"int","precision":10},{"name":"GP","type":"int","precision":10},{"name":"MS","type":"int","precision":10}],"typeProperties":{"schema":"Student","table":"studentMathOHESample"}},"dependsOn":[]}]}